Style,index,speed,PTM,AKD,
Mean,null,141.1648736,95.15688079,516.7196871,
SD,null,27.45879662,7.650593406,208.5756941,
MAX,null,1000,100,10000,
Camper,0,-2.570026429,-4.546610524,0.953189523,
Mobile,1,-0.08010179,0.291213472,0.188835834,
Run,2,0.867449449,0.417080655,-0.715917206,
Sniper,3,-0.907146101,-0.233527223,1.98147063,
TacCQ,4,-1.059223479,-0.95896806,-0.101062262,
